{"_step":99,"_timestamp":1.7466795570360425e+09,"Cumulative Reward Test MSE":0.7914093136787415,"State Test Rel l2 Error":0.2688805162906647,"State Train Rel l2 Error":0.24637392163276672,"Cumulative Reward MSE":0.757577121257782,"_runtime":164.470303362,"_wandb":{"runtime":164},"Loss data term":0.9400684833526611}